longitude,latitude,class
5.53337,35.70751,1
2.46763,36.4938,1
2.47313,36.49316,1
2.46726,36.49249,1
2.47275,36.49182,1
-0.26469,35.62561,1
5.10458,34.66615,1
2.47095,36.49013,1
2.4701,36.49344,1
2.47038,36.49175,1
-0.259,35.77809,1
3.37093,33.03992,1
3.37008,33.03994,1
2.46768,36.49445,1
2.47194,36.49315,1
5.63719,36.52388,1
-0.98572,35.61746,1
-0.98777,35.61503,1
5.57122,36.18074,1
2.4638,36.49173,1
6.76943,36.55998,1
-0.25653,35.77266,1
2.46901,36.49303,1
-0.25761,35.77311,1
2.47181,36.48978,1
2.46939,36.49263,1
-1.90322,34.86339,1
2.47058,36.4922,1
-0.89872,34.86406,1
6.07631,35.48929,1
5.88401,34.4412,1
-0.26806,35.80895,1
-1.65646,34.62424,1
-1.34115,35.31086,1
-0.59424,35.50997,1
-0.20642,33.09658,1
7.70588,36.78705,1
5.49884,36.16796,1
4.74489,36.64977,1
3.74372,36.18412,1
4.50706,36.83259,1
4.50659,36.83256,1
0.32922,34.79844,1
4.02106,36.31458,1
6.32219,36.64869,1
7.36744,36.84657,1
4.48763,36.85779,1
3.53856,36.67799,1
7.36769,36.84068,1
-1.34159,35.31194,1
-0.59293,35.50983,1
6.84412,33.40137,1
5.63576,35.14898,1
2.68165,36.61966,1
1.95518,36.55723,1
4.47266,36.87138,1
6.74402,36.9488,1
6.20723,36.59489,1
5.97969,36.59901,1
5.9484,36.59603,1
5.26807,36.5534,1
5.27139,36.5578,1
5.26693,36.55734,1
5.68216,36.7063,1
6.75142,36.83382,1
4.30476,36.87276,1
5.00379,36.77668,1
4.99777,36.77604,1
5.00188,36.7792,1
5.00324,36.78063,1
4.99594,36.77861,1
2.81082,36.58563,1
5.63467,36.19465,1
7.42489,36.50715,1
6.64426,36.8214,1
6.29472,36.84596,1
3.74511,36.18373,1
5.47915,36.33093,1
3.32498,33.18111,1
3.32889,33.18209,1
5.75535,35.35413,1
3.32158,33.18429,1
3.327,33.18305,1
3.32458,33.18246,1
3.32182,33.18524,1
-0.74016,35.21134,1
3.3237,33.1838,1
4.56631,36.38615,1
2.31416,35.91054,1
3.22761,33.01892,1
-1.20909,34.95646,1
-1.29791,34.9435,1
-0.34761,33.47396,1
3.22537,33.01898,1
4.92146,36.40884,1
2.87478,36.60128,1
-0.20288,35.50283,1
-0.20396,35.50445,1
-0.25753,35.77327,1
8.54329,36.80442,1
6.43092,36.9475,1
6.94368,35.32933,1
3.30963,33.13372,1
-1.62101,34.91662,1
5.08655,35.82071,1
5.77309,36.24802,1
4.08916,36.59569,1
6.96613,36.88305,1
4.56712,36.76893,1
5.02872,36.45522,1
5.49827,36.07041,1
4.76967,36.03644,1
5.1992,36.50336,1
5.19994,36.50008,1
4.06829,36.87158,1
-0.86551,35.55917,1
4.43867,36.79538,1
7.69754,36.79238,1
7.30695,36.75873,1
0.47399,35.7388,1
-0.34583,33.47398,1
4.74103,36.4124,1
0.80034,35.92949,1
6.24782,36.74946,1
2.74834,36.47523,1
2.25469,35.40852,1
6.33416,36.67313,1
5.71615,36.42075,1
3.81348,36.54803,1
0.29503,35.28073,1
5.15325,36.55531,1
2.88447,36.47778,1
2.88642,36.47662,1
5.15306,36.55386,1
5.15542,36.55556,1
1.57917,36.00485,1
8.03182,36.84272,1
4.93691,36.47406,1
0.3017,35.53842,1
0.30004,35.52755,1
4.45683,36.68664,1
5.46872,36.55151,1
6.03381,33.53244,1
5.53788,36.64084,1
2.75457,36.45805,1
5.91799,33.96935,1
5.92037,33.96753,1
6.37805,36.15214,1
6.46533,35.05682,1
4.59533,36.50841,1
5.71379,36.41732,1
7.0513,36.8796,1
2.81337,36.49327,1
6.25301,36.75202,1
7.66921,36.77705,1
7.71067,36.80101,1
3.03329,35.32893,1
1.23704,36.13389,1
7.67061,36.78016,1
-0.25192,35.76586,1
3.05277,35.33597,1
3.38421,35.78942,1
7.30627,36.76706,1
6.61973,36.43576,1
6.46534,35.06173,1
6.46931,35.06278,1
6.46817,35.05972,1
6.4695,35.05787,1
1.129,36.48316,1
1.12477,36.48384,1
7.70651,36.78663,1
6.259,36.74913,1
5.41286,34.78392,1
-0.16799,35.02346,1
3.86315,35.61429,1
5.2732,34.74941,1
6.45534,35.05968,1
-0.2622,35.62646,1
5.25402,34.68085,1
6.09437,33.19572,1
5.33309,36.64012,1
0.43459,35.96243,1
5.92788,34.76452,1
6.04715,36.58567,1
4.82068,36.87068,1
4.81661,36.87041,1
5.33268,36.64083,1
-0.26996,35.77235,1
6.52203,34.50237,1
3.83492,36.90831,1
3.33463,33.06904,1
5.97788,33.97311,1
6.86553,33.74327,1
-0.24102,35.80457,1
-0.34617,33.47418,1
6.85915,33.26916,1
-0.25906,35.77485,1
6.94165,36.8445,1
3.37681,33.12307,1
6.5117,36.29276,1
2.81177,36.61908,1
-0.58575,35.20779,1
2.9271,36.14429,1
2.18672,35.2663,1
-0.24432,35.80213,1
6.02117,35.48483,1
4.93543,36.47992,1
6.57161,36.01392,1
6.33593,36.67252,1
4.93773,36.47688,1
5.06802,36.69995,1
-0.70356,35.52148,1
-0.39518,35.73451,1
5.91963,33.59661,1
5.1521,34.6036,1
8.17279,35.23016,1
6.87097,35.54945,1
5.8929,34.44143,1
2.75178,36.47163,1
3.13207,36.70758,1
2.65147,36.47307,1
6.51151,36.29058,1
6.06705,33.12347,1
6.83401,36.57151,1
3.31071,36.73428,1
6.25493,36.73245,1
3.31522,36.73506,1
5.91495,35.52045,1
6.16848,36.13419,1
7.70762,36.2751,1
6.17076,36.13475,1
3.18031,36.70549,1
-0.92357,35.5529,1
-0.92178,35.55524,1
7.21203,36.74678,1
-0.91998,35.55388,1
5.88874,34.4386,1
2.2894,35.39061,1
-0.59365,34.7615,1
2.7507,36.47145,1
3.51204,36.65226,1
6.7501,36.17648,1
5.96156,34.00544,1
5.89243,34.43966,1
5.89302,34.43914,1
5.70534,36.11044,1
3.31249,36.73679,1
3.31333,36.73352,1
6.69589,36.44449,1
6.6939,36.44548,1
5.80639,35.06609,1
2.28682,35.39194,1
-0.33648,35.8065,1
3.27113,36.62284,1
3.51371,36.6528,1
5.33101,36.64084,1
5.32825,36.64039,1
5.00416,36.78704,1
3.27172,36.62288,1
5.29515,34.72124,1
-0.25103,35.81411,1
-0.70434,35.522,1
5.92403,36.69563,1
5.926,36.69453,1
7.44616,36.87881,1
6.9898,36.86673,1
2.75639,36.66942,1
5.89249,34.4395,1
6.50923,36.29177,1
3.31339,36.73434,1
3.3381,36.69444,1
0.7715,35.81147,1
-0.34562,33.47475,1
5.13353,36.61989,1
5.64577,35.09335,1
2.75041,36.47446,1
2.75646,36.47301,1
5.63547,36.19258,1
3.86343,36.66605,1
5.4911,36.61446,1
3.86082,36.66432,1
3.86107,36.6685,1
7.89738,35.64162,1
6.80342,35.24761,1
6.79744,35.23923,1
6.79563,35.24589,1
6.8056,35.24654,1
6.79987,35.24087,1
6.79642,35.24065,1
6.80334,35.2411,1
6.79293,35.24042,1
6.8021,35.24631,1
6.79886,35.24609,1
-0.00818,35.76959,1
2.14861,34.49807,1
6.35866,36.23634,1
6.36066,36.23624,1
5.98931,35.63696,1
5.98712,35.63646,1
-0.76182,35.73644,1
0.05892,35.80047,1
3.26663,36.62891,1
5.86888,36.05645,1
7.70558,36.7916,1
-0.5833,35.20234,1
3.15158,36.70874,1
7.45458,36.88,1
6.92993,36.87068,1
5.74586,36.58976,1
6.6205,36.4353,1
-1.34085,35.31128,1
3.85109,36.90961,1
3.85116,36.91074,1
-0.26247,35.6243,1
-0.25292,35.74749,1
5.9175,33.59866,1
-1.534,34.92911,1
5.66672,34.90897,1
0.33119,34.80086,1
-0.25377,35.74693,1
-0.7897,35.45266,1
3.34881,36.67438,1
-1.34159,35.31062,1
6.91785,36.83276,1
5.27839,34.74515,1
5.66699,34.90732,1
0.76894,35.71661,1
5.63486,36.19292,1
4.49593,35.70698,1
0.33116,34.80014,1
6.52635,36.36713,1
5.7135,35.57927,1
2.68839,36.27035,1
2.68906,36.27433,1
2.69465,36.2716,1
2.68765,36.27231,1
7.36056,35.76725,1
-1.29977,34.89267,1
6.51165,36.29211,1
6.51238,36.28881,1
4.75884,36.05834,1
3.18661,36.71254,1
3.3136,36.73441,1
3.18751,36.70917,1
4.48759,36.84074,1
2.69141,36.27133,1
5.1494,36.6317,1
5.19189,36.54611,1
6.10899,36.63084,1
6.25949,36.74975,1
2.14862,36.24457,1
2.69291,36.27369,1
2.69035,36.27377,1
2.65276,36.47698,1
8.34968,36.77693,1
2.72733,36.43017,1
-0.00805,35.77155,1
6.01338,36.21045,1
-0.36881,34.56039,1
5.50147,34.7569,1
4.67107,35.78183,1
3.03657,36.28535,1
3.20764,36.60926,1
7.41846,36.90378,1
0.08182,34.04139,1
2.77232,36.48654,1
4.56313,35.69883,1
-0.17968,35.79929,1
1.58031,36.52578,1
3.32932,36.75874,1
3.3882,36.69094,1
-0.24098,35.80509,1
3.90402,36.34238,1
-0.20797,35.802,1
-0.25263,35.74805,1
2.65743,33.87302,1
1.40065,36.52996,1
5.70494,36.41942,1
3.27432,36.62453,1
3.2739,36.62035,1
4.50055,35.71003,1
3.88266,35.72528,1
-0.20558,35.80082,1
-0.9414,34.94708,1
7.76979,36.90052,1
7.13064,35.44523,1
7.13139,35.44196,1
3.0788,36.752,1
-0.25568,35.77304,1
3.28187,36.38591,1
-0.34554,33.47329,1
6.95872,36.87411,1
6.95095,36.87393,1
1.13957,36.32959,1
5.80111,34.8575,1
6.31996,36.99447,1
-0.00898,35.7704,1
6.50984,36.29269,1
4.37687,36.84357,1
0.41047,36.17744,1
2.67766,36.48486,1
5.97766,36.07646,1
6.51056,36.28938,1
2.18756,35.26629,1
-0.17977,35.79943,1
-0.25155,35.81344,1
-0.24088,35.80471,1
3.68012,36.8196,1
5.40436,34.79124,1
5.4087,34.79098,1
5.40089,34.78659,1
6.12723,33.09198,1
5.52087,36.12811,1
5.51964,36.12455,1
6.60887,36.65198,1
5.90743,36.7242,1
-1.09409,35.51541,1
7.30156,35.35769,1
0.43535,35.96078,1
7.301,35.35693,1
6.54724,36.03436,1
2.1508,36.24503,1
0.08895,34.80576,1
0.08812,34.80659,1
-1.54577,34.7301,1
-1.1073,34.81986,1
-1.10806,34.82314,1
7.71151,36.80154,1
3.89974,36.49125,1
6.48137,36.95704,1
6.47715,36.95296,1
6.47926,36.95515,1
5.76894,36.74633,1
6.12171,36.77578,1
5.26629,36.58822,1
7.64089,36.15169,1
7.14611,35.07605,1
6.96543,34.57418,1
5.6321,36.1951,1
4.99723,35.96488,1
2.40236,33.14742,1
6.28508,36.8308,1
5.06823,35.97731,1
5.07095,35.97707,1
6.37884,36.11398,1
0.14656,35.91631,1
2.94334,36.71991,1
4.07648,36.31724,1
4.07722,36.32055,1
3.32742,33.12814,1
7.5752,35.32957,1
7.58087,35.3302,1
5.86651,36.05648,1
-0.17912,35.79881,1
0.29065,36.11929,1
0.29163,36.11886,1
7.43664,36.84708,1
7.43484,36.84489,1
5.68497,34.6974,1
3.36824,33.1403,1
4.50854,35.75366,1
5.63748,36.19254,1
4.97257,36.43796,1
6.94348,36.88162,1
5.48162,36.33083,1
3.8815,35.72548,1
3.87698,35.72507,1
-0.32757,35.79154,1
0.33118,34.80121,1
5.54671,36.36665,1
-0.94183,34.9469,1
2.83218,36.51089,1
2.71149,36.51007,1
2.71054,36.51262,1
5.60135,35.80168,1
3.04423,36.70697,1
3.36295,33.15141,1
3.02492,35.50806,1
6.95464,36.88232,1
-0.17924,35.79911,1
4.9556,35.44737,1
6.25854,36.75212,1
5.71195,34.98633,1
-0.59306,35.51101,1
6.27269,36.68075,1
6.89777,36.27981,1
4.99673,35.96445,1
-0.27316,35.53199,1
3.53213,36.44759,1
3.3427,36.65995,1
1.19637,36.13722,1
5.57934,35.53373,1
5.58359,35.53309,1
6.87249,34.64914,1
-1.3505,35.26979,1
-1.34808,35.26777,1
4.86043,36.09051,1
5.313,36.01944,1
5.30663,36.02097,1
5.30741,36.01978,1
2.76118,36.67076,1
2.76083,36.67039,1
2.75922,36.67131,1
4.44982,35.87755,1
-0.29226,35.82416,1
-0.20582,35.80076,1
-0.32662,35.78854,1
-0.59375,35.51257,1
2.6597,33.87237,1
2.99955,36.67628,1
2.88138,36.59811,1
7.17928,34.43378,1
7.61947,36.20877,1
2.09437,36.29023,1
1.19544,36.13836,1
2.06126,34.43891,1
6.86025,33.37949,1
2.91135,36.41356,1
6.26457,36.51558,1
5.40231,35.35512,1
3.06541,36.52309,1
6.25042,36.7286,1
3.01376,36.52438,1
5.6487,35.76459,1
6.96067,36.86416,1
0.44396,35.18823,1
5.88723,35.85039,1
3.35224,33.17765,1
5.8891,35.84543,1
6.92691,34.6484,1
-0.36017,35.84184,1
-0.66704,35.03614,1
2.65591,36.48745,1
2.89027,36.76162,1
5.89148,34.43791,1
-0.57625,35.63559,1
-0.21359,35.80231,1
5.18069,35.12455,1
0.43588,35.96037,1
4.07997,36.31907,1
2.75859,36.6699,1
6.83511,33.39867,1
3.46078,36.65466,1
5.00621,36.78964,1
5.00782,36.79076,1
3.18641,36.71041,1
3.06245,36.57798,1
4.08155,36.60469,1
2.78802,36.2879,1
3.42642,36.43331,1
2.65874,33.87235,1
7.07794,34.57323,1
2.93236,36.13986,1
8.16963,35.40376,1
5.57559,36.17767,1
5.70779,34.54826,1
7.22756,34.47049,1
7.10461,34.51709,1
6.9456,36.88155,1
5.97642,36.06452,1
3.26812,36.63007,1
6.9042,34.44403,1
-0.36771,35.84166,1
7.16579,34.47139,1
2.75118,36.47466,1
6.10017,36.13503,1
7.98413,36.20943,1
5.39765,35.26225,1
3.10044,36.59881,1
3.09944,36.60064,1
-0.25323,35.75919,1
1.1932,36.13927,1
1.19392,36.13834,1
3.04652,36.18711,1
0.235,36.09231,1
0.2396,36.0929,1
0.23558,36.08886,1
0.23157,36.08483,1
0.23618,36.08542,1
0.23215,36.08139,1
2.32054,36.13617,1
4.14455,36.71239,1
3.33074,36.75679,1
6.92038,36.83726,1
-0.19897,35.50571,1
3.45143,36.71125,1
3.44738,36.71149,1
1.73281,36.55008,1
-0.00752,35.77357,1
2.41051,36.17178,1
3.16879,36.54305,1
3.76704,36.83253,1
4.76246,35.71823,1
4.76316,35.71424,1
5.39441,36.20251,1
5.93911,34.19933,1
5.76481,36.6308,1
6.09372,36.60629,1
4.46872,36.88962,1
4.47366,36.88981,1
4.47114,36.88756,1
3.42187,36.49968,1
3.41656,36.4994,1
3.2315,36.58889,1
3.42718,36.49427,1
3.41535,36.49365,1
1.35669,35.33882,1
2.75347,36.47085,1
-0.24314,35.21357,1
6.55533,35.94255,1
5.00819,36.7881,1
3.95699,36.69561,1
3.95619,36.69233,1
3.13776,36.59694,1
3.46755,36.42399,1
4.99468,35.96657,1
1.35793,35.339,1
3.25712,34.56605,1
7.82464,36.08714,1
5.63865,36.19548,1
0.81178,36.18063,1
0.06211,35.18195,1
-0.17918,35.79866,1
5.46988,36.18557,1
5.46489,36.1882,1
5.46565,36.18493,1
6.16394,36.27272,1
6.16117,36.26552,1
4.08001,36.31971,1
6.02894,35.86682,1
0.745,35.79099,1
0.74487,35.78522,1
-0.34966,35.80913,1
3.02855,36.67163,1
3.06775,36.52211,1
-0.21746,35.8033,1
2.88155,36.59886,1
3.32435,33.12502,1
4.65871,36.28992,1
8.18789,35.24387,1
2.93251,36.14124,1
8.1757,35.40211,1
8.17199,35.40305,1
4.97307,36.43886,1
3.17849,36.70961,1
5.10941,34.39186,1
3.00888,36.67811,1
5.75964,34.85579,1
-0.59267,35.51208,1
-1.59198,34.92482,1
5.1092,34.39142,1
5.10825,34.38792,1
2.88141,36.59622,1
3.07501,36.6392,1
3.13338,36.66821,1
5.07352,35.97886,1
4.99804,35.9654,1
3.32995,36.75849,1
7.68277,36.79126,1
7.70147,36.79505,1
7.65598,36.82627,1
6.46804,34.68348,1
7.65472,36.73116,1
2.94836,35.90083,1
0.43112,35.95964,1
6.83622,36.6056,1
4.99471,35.96559,1
-0.21344,35.80198,1
6.94941,36.86485,1
-0.53108,35.72882,1
4.12387,36.67897,1
8.04334,35.38996,1
8.20922,36.26258,1
8.20824,36.26444,1
8.04187,35.39044,1
8.04757,35.39214,1
8.05332,35.39385,1
8.04904,35.39162,1
8.0486,35.39196,1
8.05242,35.39223,1
8.05629,35.3925,1
8.04505,35.38662,1
7.12406,34.5172,1
7.12213,34.51767,1
0.47337,35.98316,1
6.94104,34.56748,1
7.31963,35.77818,1
5.40349,34.78436,1
3.22513,33.01921,1
-0.66712,35.04086,1
-0.93639,35.56458,1
-0.667,35.03782,1
6.01876,33.54747,1
6.57527,36.69635,1
3.32129,33.12142,1
5.4812,36.33085,1
0.33007,34.7979,1
3.22631,33.01859,1
7.73369,36.8864,1
7.72967,36.88566,1
7.72795,36.88504,1
3.50599,36.70811,1
2.65728,36.53268,1
6.02508,36.18108,1
-0.17907,35.7989,1
0.55843,35.73761,1
7.92763,36.28828,1
-0.59442,35.51153,1
7.62015,36.20612,1
0.95597,36.20462,1
0.64726,36.26294,1
3.1613,36.54513,1
5.99986,35.85247,1
3.08677,36.6894,1
3.16457,36.54248,1
4.86112,36.09248,1
4.86247,36.09056,1
5.11198,34.38731,1
-0.30083,35.83285,1
-0.30836,35.83515,1
6.19621,36.25835,1
7.55009,36.39308,1
5.9945,36.67725,1
5.16185,36.65933,1
5.16134,36.65985,1
7.06965,35.9635,1
4.44091,36.63603,1
6.26172,36.18565,1
3.35376,33.17325,1
5.41141,34.78473,1
3.26022,36.39219,1
3.26448,36.3933,1
4.54468,36.42754,1
7.62778,36.81524,1
3.26073,36.39435,1
3.50317,34.87307,1
3.50356,34.87196,1
-0.0061,34.20148,1
-0.0054,34.19656,1
4.95804,35.4391,1
3.05151,36.2682,1
3.05632,36.2744,1
3.05091,36.27417,1
5.90395,36.41238,1
5.89609,36.4122,1
6.17549,36.3479,1
6.1731,36.34085,1
6.17235,36.34237,1
6.18101,36.34255,1
5.43075,36.17319,1
5.43777,36.17337,1
5.90292,36.4119,1
5.895,36.41176,1
6.94955,36.86546,1
5.48169,36.52311,1
5.48212,36.52253,1
6.13608,35.75684,1
5.85647,36.12847,1
-0.93662,35.56453,1
2.56073,36.50192,1
2.56496,36.50125,1
1.35454,35.33901,1
-0.57642,35.63668,1
-0.57494,35.63538,1
5.80026,36.47848,1
5.79525,36.47799,1
5.79916,36.48253,1
1.35625,35.33767,1
6.57784,36.444,1
5.91358,36.79125,1
3.26529,36.63032,1
6.007,36.11454,1
6.00725,36.11528,1
3.22942,33.0164,1
6.58346,36.04084,1
6.58309,36.04049,1
-0.33121,35.82815,1
5.27292,34.74918,1
5.27688,34.74892,1
5.27619,34.74362,1
5.27466,34.75051,1
5.27398,34.7452,1
5.27794,34.74493,1
2.95254,36.53369,1
2.7522,36.4725,1
-0.26488,35.76077,1
5.82246,34.69374,1
5.82413,34.69678,1
5.79887,35.05578,1
5.79719,35.05457,1
6.42188,36.5295,1
6.42635,36.53065,1
6.42075,36.53494,1
5.32579,36.28955,1
5.26034,36.42695,1
5.25588,36.42573,1
4.47892,35.70771,1
0.33121,34.79892,1
5.84111,34.67455,1
5.84217,34.67804,1
5.84101,34.6742,1
5.86639,36.05551,1
6.938,36.27034,1
6.93532,36.27673,1
3.76291,36.37607,1
5.19964,36.61474,1
3.98012,36.73127,1
3.76069,36.36366,1
3.76004,36.36766,1
3.76438,36.3681,1
3.76368,36.37209,1
6.19276,36.59202,1
3.75936,36.37165,1
6.71923,36.54532,1
7.61843,36.20549,1
3.3279,36.75979,1
3.23435,36.62903,1
3.83097,36.36121,1
3.90921,36.34667,1
3.91038,36.34425,1
1.19552,36.13625,1
6.93841,34.58774,1
-0.21639,35.50798,1
3.77274,36.66059,1
3.8415,36.3949,1
3.84587,36.39551,1
3.84732,36.38886,1
7.16078,35.90922,1
7.16368,35.90795,1
7.15871,35.90359,1
7.16436,35.90425,1
4.4787,35.70708,1
3.77812,36.66463,1
2.7202,36.459,1
2.71705,36.45644,1
2.7218,36.45515,1
5.64338,36.46576,1
-0.30347,35.82695,1
6.35578,36.12593,1
6.33889,36.13015,1
6.35369,36.12764,1
6.34089,36.12848,1
5.8399,36.17798,1
5.84143,36.1811,1
5.24468,36.49199,1
5.95582,35.62622,1
5.94469,35.62498,1
5.95089,35.62184,1
5.9564,35.62244,1
5.95019,35.6256,1
7.64861,36.76314,1
5.47925,36.23695,1
4.47905,35.7066,1
4.75991,35.70867,1
5.78825,36.44619,1
5.51822,36.21532,1
2.02645,34.2228,1
2.02248,34.22306,1
2.6455,36.13566,1
2.02362,34.22519,1
2.02568,34.22094,1
2.7046,36.52143,1
5.51224,36.33555,1
2.02707,34.22291,1
2.02844,34.21899,1
-1.38712,35.15537,1
-1.38854,35.15381,1
2.02241,34.22192,1
2.03091,34.22208,1
6.02495,35.8716,1
2.75627,36.47402,1
4.99707,35.96627,1
7.70636,36.78717,1
2.89952,36.64063,1
6.94992,36.8633,1
5.30885,36.01536,1
6.15678,36.15048,1
6.33985,36.51742,1
7.1667,36.54636,1
5.95913,33.46371,1
5.96303,33.46397,1
6.21872,35.67649,1
6.63475,35.48531,1
6.63371,36.32096,1
6.21469,35.67693,1
6.21898,35.67717,1
6.21445,35.67623,1
6.63246,35.48905,1
6.37233,36.73657,1
6.3714,36.73798,1
5.91274,36.62318,1
5.91613,36.61886,1
5.91525,36.61931,1
6.88165,36.10749,1
5.99888,36.24401,1
-0.59455,35.51208,1
-0.47605,35.64326,1
-0.47539,35.64669,1
-0.2142,35.80339,1
3.166,36.54364,1
6.218,35.67912,1
6.21617,35.67888,1
5.98071,33.97805,1
5.98495,33.97849,1
2.61867,36.51438,1
3.25186,36.55001,1
5.00476,36.78865,1
3.26913,36.63007,1
3.13547,36.60116,1
7.41053,35.90685,1
7.36093,35.7683,1
6.025,35.86682,1
6.02924,35.86618,1
6.91742,35.10543,1
1.35598,35.33957,1
5.41432,34.78791,1
5.84418,34.67263,1
5.84001,34.67326,1
5.83928,34.66998,1
5.84345,34.66935,1
5.98221,33.98111,1
5.79417,36.75546,1
6.05429,36.61635,1
6.05069,36.6124,1
6.0552,36.613,1
6.01602,36.64939,1
6.04981,36.61576,1
5.08446,36.6184,1
5.0837,36.6217,1
3.2772,36.66705,1
8.19458,36.45554,1
6.5837,35.98243,1
-0.66685,35.08086,1
-0.66515,35.07818,1
-0.36605,35.82795,1
-0.7316,34.43621,1
2.85439,36.31324,1
6.02506,35.8711,1
7.39074,36.35527,1
8.18226,36.46133,1
7.38193,36.54974,1
7.38627,36.55064,1
7.3904,36.35533,1
8.06045,36.28894,1
8.05742,36.28899,1
7.23054,35.80378,1
7.23227,35.80405,1
7.12305,36.09427,1
7.12898,36.09021,1
1.20183,36.41027,1
7.12389,36.09512,1
7.12524,36.08927,1
6.6401,36.7173,1
6.05492,36.6748,1
6.76514,36.55581,1
6.7655,36.55696,1
1.35744,35.33838,1
6.91248,36.77959,1
7.48178,36.74759,1
7.48223,36.7426,1
-0.26343,35.75952,1
3.63013,36.1508,1
6.91005,36.77867,1
4.26068,36.69838,1
5.68784,35.1851,1
6.47347,36.50846,1
6.1237,36.51455,1
5.48454,36.23097,1
5.48876,36.23031,1
5.88749,34.43851,1
1.35522,35.33986,1
4.54853,36.56655,1
5.42461,36.60367,1
3.87981,36.30302,1
5.78603,36.26019,1
5.46769,36.18381,1
5.46838,36.18034,1
7.45031,36.36278,1
7.45639,36.36343,1
6.14287,36.15306,1
5.82139,35.9621,1
5.68763,35.18562,1
5.10841,34.39095,1
4.40927,36.67008,1
4.40489,36.66949,1
4.39607,36.66831,1
4.39167,36.66772,1
4.40415,36.67286,1
4.39531,36.67168,1
4.39973,36.67227,1
4.39905,36.67565,1
4.39464,36.67506,1
4.39684,36.66494,1
4.40565,36.66613,1
4.41002,36.66671,1
4.41437,36.6673,1
4.40125,36.66553,1
4.40641,36.66276,1
4.41512,36.66393,1
4.41079,36.66335,1
4.41589,36.66056,1
4.4115,36.65997,1
4.42027,36.66115,1
4.41226,36.6566,1
4.41666,36.65719,1
4.42106,36.65778,1
4.96839,36.64627,1
4.96905,36.64284,1
4.54395,36.56594,1
4.5449,36.56259,1
4.43371,36.90747,1
3.38539,36.68784,1
6.02478,35.86677,1
2.75749,36.67061,1
4.57631,36.53067,1
4.57065,36.53128,1
4.59377,36.53276,1
4.58294,36.53394,1
4.57736,36.53454,1
4.56589,36.53578,1
4.57155,36.53516,1
4.59456,36.53665,1
4.58925,36.53723,1
4.58388,36.53782,1
4.57246,36.53905,1
4.59532,36.54055,1
4.58995,36.54113,1
4.58457,36.54171,1
4.59065,36.54503,1
4.58518,36.54563,1
7.20683,34.36829,1
-0.28101,35.52908,1
6.38128,36.72844,1
3.04325,36.7822,1
4.58998,36.54253,1
6.37619,36.73105,1
6.38047,36.73173,1
6.377,36.72776,1
4.85895,36.09288,1
2.89202,36.59692,1
3.86368,35.6678,1
-0.2141,35.80351,1
2.72944,36.42179,1
3.5849,36.55678,1
0.37388,35.9315,1
-0.25469,35.77309,1
2.83934,36.49262,1
2.8342,36.4912,1
2.83047,36.49393,1
2.83559,36.49537,1
3.30841,36.69617,1
4.21252,36.64793,1
5.13236,36.33793,1
5.13619,36.33711,1
6.58603,35.97941,1
5.13739,36.3381,1
5.13242,36.33499,1
1.35646,35.34062,1
5.24491,36.52194,1
5.89041,36.03899,1
5.8883,36.03839,1
5.89481,36.04032,1
6.88327,34.40448,1
6.28549,36.35205,1
6.43967,36.39861,1
6.43569,36.39833,1
6.43935,36.39598,1
6.43535,36.39573,1
6.43866,36.40109,1
3.25365,36.63091,1
2.71122,36.57147,1
4.8618,36.09037,1
6.29246,36.70115,1
6.29136,36.69781,1
3.32843,36.75716,1
1.3578,35.33994,1
4.47881,35.70778,1
7.73488,36.30766,1
7.73015,36.3072,1
7.72984,36.31142,1
7.73276,36.30403,1
7.73235,36.30824,1
7.6193,36.37384,1
7.61468,36.37339,1
7.84103,36.71569,1
6.13259,35.8063,1
7.13143,35.44246,1
6.29435,36.77642,1
7.99599,36.28519,1
5.30812,36.02153,1
5.30719,36.01834,1
6.02967,35.86686,1
5.96059,36.60947,1
5.88399,34.4395,1
6.02467,35.86668,1
6.51413,36.28988,1
7.86456,36.82772,1
3.24687,36.22735,1
3.95947,36.77359,1
3.95577,36.77264,1
3.95744,36.77853,1
3.32381,33.12528,1
5.77475,36.45286,1
3.95994,36.77414,1
3.25761,36.63265,1
3.25479,36.6321,1
5.77186,36.45974,1
5.77383,36.46015,1
5.77658,36.45329,1
8.16883,35.23549,1
5.70837,34.98248,1
8.2681,36.37934,1
8.2685,36.37819,1
6.58394,35.98108,1
3.8964,36.40698,1
2.88131,36.59835,1
8.17237,35.23018,1
8.27423,36.37732,1
8.27061,36.37823,1
1.35743,35.33776,1
8.27419,36.3788,1
7.19122,36.29572,1
7.18901,36.30113,1
7.18411,36.29982,1
6.56199,37.0166,1
4.46653,36.86497,1
3.05126,36.6305,1
3.04825,36.63224,1
6.56613,37.01773,1
8.16277,36.36278,1
8.27676,36.3736,1
8.27151,36.37339,1
8.27792,36.37984,1
8.27213,36.3796,1
8.27622,36.37285,1
8.27757,36.37908,1
8.27184,36.37888,1
7.87914,36.39481,1
4.59275,36.49107,1
3.25568,36.63084,1
3.25353,36.6328,1
4.4695,36.86013,1
4.46586,36.85988,1
6.55672,37.01603,1
6.55493,37.02053,1
6.55826,37.01899,1
6.56491,37.02149,1
8.2791,36.36565,1
6.56157,37.02299,1
6.56692,37.02195,1
7.87185,36.39705,1
8.25894,36.36163,1
8.2639,36.36058,1
8.26064,36.36541,1
8.28284,36.36486,1
1.35519,35.33902,1
7.7135,36.25748,1
6.64531,36.81997,1
4.92848,36.4046,1
5.13195,36.33073,1
5.12629,36.32611,1
5.13247,36.32676,1
5.13289,36.32277,1
7.71243,36.2605,1
7.71354,36.25595,1
7.73245,36.91378,1
5.88876,34.43858,1
3.13474,36.60123,1
7.83031,36.39577,1
6.09206,36.67072,1
6.08768,36.67136,1
5.56491,36.74763,1
6.08839,36.67466,1
6.08398,36.67532,1
1.3541,35.3388,1
2.84088,36.63277,1
4.13224,36.32636,1
5.78375,36.17219,1
5.78305,36.17554,1
5.78235,36.17888,1
6.11709,36.55596,1
6.12655,36.55721,1
6.12181,36.55659,1
6.12099,36.55996,1
6.1202,36.56332,1
6.12497,36.56396,1
3.61985,36.68534,1
7.4524,36.92224,1
7.45673,36.92294,1
7.45322,36.91895,1
7.45755,36.91965,1
7.45837,36.91636,1
-1.49999,35.05143,1
-1.50128,35.05315,1
7.11921,36.4982,1
7.11552,36.49413,1
7.12355,36.49892,1
7.11991,36.49486,1
7.12055,36.49151,1
2.92804,36.144,1
6.0257,35.87165,1
5.17199,36.42817,1
4.47903,35.70833,1
1.35557,35.33952,1
5.51933,36.12537,1
5.52727,35.79023,1
5.53074,35.79001,1
5.51775,36.12505,1
5.55477,36.43822,1
6.91622,36.83402,1
7.67962,36.79448,1
7.67987,36.79035,1
1.35803,35.34,1
5.7594,35.8984,1
5.76202,35.89673,1
6.62702,36.4296,1
7.70952,36.27609,1
7.71048,36.27588,1
1.00434,36.37798,1
3.75066,36.17575,1
-0.57629,35.50403,1
7.66982,36.43013,1
6.64105,36.45472,1
5.04627,36.51399,1
5.32205,36.25789,1
6.34279,35.64445,1
6.12432,36.60011,1
7.53073,36.135,1
7.53065,36.13607,1
8.00933,36.374,1
6.12507,36.60551,1
6.13122,36.60229,1
6.12336,36.60723,1
6.45553,36.36584,1
6.45572,36.37057,1
4.02546,36.82938,1
6.12299,36.59896,1
6.11698,36.59847,1
6.12851,36.60406,1
6.1223,36.60356,1
6.11615,36.60305,1
6.45654,36.36346,1
4.74518,36.55274,1
6.32988,36.08361,1
2.83904,36.6313,1
5.47794,34.65225,1
7.01748,33.48207,1
7.02191,33.48129,1
2.90934,33.70664,1
-0.1909,33.5727,1
7.40189,35.90548,1
3.91522,36.69894,1
2.90375,36.52724,1
3.33229,36.58946,1
3.333,36.58615,1
3.3287,36.58554,1
7.80296,36.79217,1
3.26641,36.62906,1
3.27216,36.637,1
5.06784,36.50076,1
5.05925,36.72064,1
1.35373,35.34068,1
-0.26988,35.76855,1
6.96124,36.88081,1
4.96016,36.57254,1
3.06625,36.52419,1
-0.26848,35.80867,1
-0.26751,35.80706,1
6.96485,36.88221,1
5.39472,35.41395,1
3.73514,35.19892,1
6.57965,36.33566,1
7.75482,36.94507,1
6.02647,35.87106,1
7.45724,36.47043,1
3.13648,36.60124,1
7.09925,36.52439,1
7.09374,36.52311,1
7.09714,36.52495,1
7.09167,36.52364,1
5.04961,36.50935,1
5.04904,36.51484,1
3.45881,36.4783,1
3.46206,36.48532,1
3.45791,36.4842,1
3.45383,36.4831,1
3.46128,36.48056,1
3.45749,36.47951,1
3.4564,36.48537,1
5.0436,36.51235,1
5.05065,36.51262,1
7.7301,36.4564,1
6.61761,36.34285,1
4.14477,36.63173,1
4.13844,36.62551,1
4.14402,36.62579,1
4.14453,36.6301,1
3.13514,36.61433,1
5.44599,36.44459,1
5.88808,34.4387,1
4.56563,36.71558,1
4.56066,36.72142,1
4.55403,36.71937,1
4.16439,36.62809,1
4.16469,36.62817,1
4.55995,36.71382,1
6.75673,34.6913,1
7.16985,36.31498,1
7.16605,36.31474,1
7.16919,36.31319,1
7.94587,36.41697,1
6.17401,36.14149,1
6.17328,36.1407,1
6.40546,36.2226,1
4.17061,36.62537,1
5.31907,36.58785,1
4.12263,36.61506,1
4.1623,36.62308,1
4.12937,36.6202,1
4.16754,36.62354,1
4.15711,36.62263,1
4.14173,36.6213,1
4.13631,36.62082,1
4.17289,36.62856,1
4.16777,36.62812,1
4.16261,36.62767,1
4.15226,36.62677,1
4.14142,36.62582,1
4.13551,36.6253,1
4.12914,36.62474,1
4.17161,36.633,1
4.1667,36.63258,1
4.16184,36.63216,1
4.157,36.63174,1
4.13486,36.6298,1
4.16524,36.62038,1
4.16005,36.61996,1
4.13361,36.61782,1
4.12655,36.61726,1
4.11978,36.61671,1
4.1654,36.62495,1
4.15498,36.62411,1
4.13936,36.62284,1
4.11995,36.62127,1
4.17538,36.63032,1
4.17033,36.62991,1
4.16528,36.6295,1
4.16023,36.62909,1
4.15516,36.62868,1
4.15008,36.62826,1
4.13865,36.62733,1
4.13258,36.62684,1
4.12636,36.62633,1
4.16898,36.63435,1
4.16412,36.63396,1
4.55635,36.71181,1
4.54998,36.7113,1
4.55064,36.71601,1
4.56302,36.71701,1
4.55691,36.71652,1
4.54391,36.71546,1
4.55737,36.72121,1
4.55121,36.72071,1
6.04258,36.8427,1
6.03916,36.84246,1
2.88193,36.59468,1
4.56508,36.71351,1
2.74962,36.4735,1
4.16671,36.62729,1
4.17516,36.62594,1
4.17939,36.62526,1
4.16589,36.62402,1
4.17858,36.62199,1
4.15661,36.62209,1
4.13116,36.62614,1
4.16084,36.62142,1
4.13034,36.62287,1
4.13807,36.61824,1
4.12527,36.62028,1
4.13726,36.61497,1
4.12791,36.61306,1
4.17174,36.62988,1
4.1675,36.63056,1
4.17252,36.63316,1
4.16828,36.63383,1
4.18099,36.63181,1
4.17676,36.63248,1
4.16482,36.63779,1
4.18178,36.63508,1
4.17754,36.63576,1
4.17329,36.63644,1
4.16905,36.63711,1
4.17408,36.63971,1
4.18256,36.63836,1
4.17832,36.63903,1
4.55649,36.70796,1
4.5437,36.71004,1
4.5659,36.70985,1
4.56163,36.71054,1
4.54457,36.71331,1
4.54885,36.71261,1
4.16247,36.62796,1
1.35496,35.34033,1
5.10813,34.38993,1
6.23223,35.53517,1
6.23801,35.53579,1
4.60279,36.66113,1
4.17288,36.63091,1
4.18153,36.63559,1
4.17675,36.635,1
4.17194,36.6344,1
4.58814,36.65572,1
4.59348,36.65635,1
4.59876,36.65698,1
4.604,36.65761,1
4.59982,36.65344,1
4.60511,36.65407,1
4.61025,36.65467,1
4.61551,36.6553,1
4.5944,36.6528,1
4.58938,36.64853,1
4.59512,36.64921,1
4.60068,36.64987,1
4.17102,36.6379,1
4.60607,36.65051,1
4.61131,36.65113,1
4.61666,36.65176,1
4.59577,36.64562,1
4.60144,36.64629,1
4.60697,36.64694,1
4.61237,36.64758,1
4.60764,36.64335,1
6.90488,36.875,1
4.17763,36.63149,1
4.17936,36.62086,1
4.18018,36.61735,1
4.59238,36.6599,1
4.59757,36.66051,1
4.61324,36.66238,1
4.58423,36.65247,1
4.58488,36.65609,1
4.55619,36.70771,1
4.56706,36.71379,1
1.36944,36.35797,1
7.36168,35.76794,1
6.74669,35.88507,1
6.74739,35.88841,1
3.79999,36.54456,1
3.79468,36.54517,1
5.0787,36.52343,1
4.18441,36.6338,1
4.17866,36.63448,1
4.17963,36.63813,1
5.08418,36.52635,1
5.07915,36.527,1
5.07951,36.53057,1
5.08454,36.52993,1
5.08493,36.53351,1
5.123,36.53587,1
5.12766,36.53889,1
5.12325,36.53946,1
5.11868,36.54004,1
5.12783,36.54249,1
5.11871,36.54366,1
4.59334,36.64766,1
4.59392,36.65129,1
4.5794,36.65306,1
1.35588,35.34148,1
8.12288,36.57848,1
8.144,36.58045,1
8.13927,36.57985,1
8.13454,36.57925,1
8.12982,36.57864,1
8.13869,36.58329,1
8.13393,36.58268,1
8.12918,36.58208,1
8.12442,36.58147,1
8.1381,36.58673,1
8.1333,36.58612,1
8.1285,36.58551,1
8.13266,36.58956,1
5.08931,36.531,1
5.11677,36.54544,1
-0.45388,35.69924,1
4.59068,36.64349,1
4.58985,36.64677,1
4.58063,36.6487,1
4.1803,36.63546,1
8.12883,36.57223,1
8.12418,36.57162,1
8.13351,36.57284,1
8.12822,36.57567,1
8.13762,36.5769,1
8.13292,36.57629,1
8.14176,36.58097,1
8.13703,36.58035,1
8.13231,36.57973,1
8.12759,36.57911,1
6.74903,35.88391,1
2.75801,36.67139,1
1.35498,35.34039,1
6.96066,35.57135,1
4.30395,36.67652,1
3.95851,36.73724,1
3.9551,36.7387,1
1.5742,36.10833,1
6.867,35.55421,1
3.13701,36.5969,1
3.16374,36.66903,1
4.43485,36.89654,1
4.43343,36.89797,1
4.43437,36.90041,1
6.02438,35.8668,1
5.40003,35.3568,1
5.3716,35.64791,1
6.51165,36.28977,1
3.1349,36.60116,1
2.11227,36.25484,1
5.83484,34.64427,1
3.72603,35.19995,1
1.23609,36.13339,1
3.13819,36.60108,1
5.02707,35.9559,1
5.83445,34.6614,1
5.83745,34.65937,1
7.72672,34.22766,1
1.30171,36.1461,1
5.88708,34.4384,1
6.34678,35.68811,1
5.45285,36.21991,1
3.79881,36.34757,1
4.4787,35.70785,1
4.0387,36.24917,1
2.24731,35.34849,1
6.35301,35.68673,1
4.16241,36.75681,1
4.15709,36.7563,1
5.98816,36.0955,1
5.33091,36.3233,1
7.68079,36.79054,1
6.83181,35.86718,1
3.48999,36.63181,1
2.75206,36.46992,1
6.33355,36.85656,1
6.33859,36.85715,1
7.28408,36.8919,1
7.28993,36.89252,1
7.28471,36.88811,1
7.28599,36.89282,1
7.2866,36.88903,1
5.32825,36.32897,1
5.51589,36.21292,1
5.88904,34.43861,1
3.23873,36.6262,1
-0.70598,35.52055,1
-0.71227,35.5196,1
-0.71189,35.52224,1
6.28233,36.79112,1
7.13063,35.44445,1
6.51018,36.29156,1
6.20815,36.35615,1
5.24913,36.48932,1
5.24481,36.48859,1
5.24852,36.49268,1
7.76782,36.90111,1
2.67283,36.4018,1
2.67177,36.40541,1
2.67107,36.40094,1
2.67008,36.40457,1
1.35591,36.1309,1
1.35599,36.13626,1
7.30641,36.76677,1
3.47993,36.62017,1
3.4841,36.61897,1
3.48242,36.62224,1
6.42064,36.79866,1
6.41459,36.79747,1
6.51084,36.72512,1
6.93609,36.68649,1
4.47877,36.19395,1
5.24813,36.49308,1
6.67599,36.65974,1
6.41974,36.79742,1
6.41381,36.79622,1
6.41232,36.7999,1
2.75316,36.63582,1
6.94954,36.86835,1
7.35133,36.71458,1
3.17509,36.52155,1
3.17648,36.52435,1
6.02391,35.87152,1
6.02204,35.87093,1
5.68628,34.79138,1
3.17747,36.52171,1
3.18381,36.52022,1
3.18127,36.51597,1
1.35524,35.34032,1
8.2125,36.67105,1
8.21082,36.67537,1
6.33063,36.85688,1
4.50223,36.87757,1
4.49894,36.87672,1
4.50003,36.87349,1
3.80279,36.79823,1
3.80143,36.79356,1
7.89845,36.41904,1
7.89177,36.4175,1
8.21033,36.66772,1
8.23452,36.67612,1
8.21776,36.67226,1
8.2075,36.6699,1
8.23206,36.67722,1
8.21665,36.66984,1
8.2134,36.66752,1
7.30285,36.76649,1
7.67853,36.79686,1
1.35708,35.33971,1
3.50015,36.46346,1
3.49591,36.4587,1
6.30903,35.64635,1
6.30544,35.64609,1
3.49461,36.46296,1
6.25408,36.73228,1
3.49554,36.46401,1
6.02538,33.52113,1
8.13636,36.41716,1
7.36203,35.76677,1
8.11558,35.94226,1
2.85074,36.6364,1
6.91131,34.41634,1
5.63411,36.17729,1
5.2736,34.74426,1
5.40498,35.35461,1
5.40079,35.35396,1
4.61608,35.98691,1
4.50621,36.43352,1
1.66988,36.23466,1
7.24102,36.03388,1
1.19397,36.13676,1
2.64163,36.50427,1
1.18933,36.13702,1
5.40483,34.73481,1
5.17462,36.03603,1
7.59531,36.74818,1
4.83214,36.69655,1
4.82668,36.69545,1
5.91684,33.59883,1
6.64897,36.3713,1
6.09605,36.66448,1
6.24671,36.74991,1
8.11531,35.9429,1
5.99216,36.12506,1
-0.26617,35.77383,1
6.08826,36.63704,1
6.08837,36.63281,1
6.08689,36.63193,1
6.09136,36.63237,1
4.32635,36.78379,1
4.32726,36.78001,1
6.0964,36.66662,1
3.32854,33.12932,1
-0.01277,34.70824,1
3.4018,36.6605,1
2.7344,36.50412,1
3.00944,36.67956,1
0.77271,35.80993,1
3.74634,36.1842,1
-0.30154,35.82753,1
3.11741,36.68042,1
2.66938,36.53773,1
5.50801,36.339,1
2.87241,36.59731,1
6.0244,35.87104,1
-0.19325,35.79919,1
3.13732,36.60074,1
4.99592,35.96673,1
-0.34053,35.77246,1
2.84049,36.63234,1
5.30438,36.33723,1
5.30365,36.33362,1
5.28952,36.29796,1
5.85343,36.56877,1
5.88722,34.43877,1
6.98837,36.63443,1
6.98865,36.63562,1
7.24784,35.10395,1
6.41235,36.72334,1
6.41246,36.71862,1
6.42416,36.72426,1
6.41828,36.71908,1
6.42419,36.71955,1
6.98677,36.63197,1
4.05463,36.6403,1
5.48792,36.57515,1
5.40652,36.56478,1
5.4691,36.64155,1
3.51201,36.7186,1
2.41084,36.27028,1
1.39436,36.19622,1
1.29077,36.22351,1
3.13822,36.59677,1
6.63832,36.24752,1
6.63304,36.2469,1
6.70235,36.57692,1
6.70033,36.57469,1
-1.73234,35.09145,1
-1.7307,35.09015,1
-1.72525,35.09163,1
-0.3504,35.80977,1
4.75892,36.63964,1
4.75885,36.63696,1
5.29484,35.82575,1
7.30873,34.62651,1
2.91637,33.70459,1
2.91518,33.7045,1
7.20659,34.42096,1
3.30717,33.13197,1
-0.21375,35.80199,1
5.48764,36.3349,1
6.49912,36.42188,1
-0.26644,35.76072,1
-0.2696,35.76373,1
8.16742,35.234,1
3.32841,36.75834,1
5.76605,35.34523,1
6.84158,33.34656,1
6.83811,33.3463,1
6.5584,36.04232,1
7.44501,36.40781,1
7.44048,36.40755,1
6.30933,36.42445,1
6.30948,36.42339,1
6.38162,36.44339,1
3.35848,36.77132,1
3.32887,36.75875,1
2.91024,33.70524,1
5.40873,34.77626,1
7.64866,36.63686,1
-0.16307,35.61316,1
2.91434,36.69888,1
-0.26942,35.76278,1
7.63179,36.7294,1
7.62761,36.72478,1
7.62816,36.7206,1
4.40867,36.36683,1
2.88878,36.57862,1
7.61984,36.20557,1
3.3127,33.13495,1
-0.28121,35.52743,1
7.24957,34.26663,1
-1.95307,35.01283,1
3.98052,36.41054,1
-1.46536,34.97324,1
-1.3496,35.31551,1
7.7027,36.76012,1
0.00923,35.74007,1
7.2628,36.63183,1
2.05306,34.44164,1
8.16848,35.23117,1
6.40257,36.5229,1
6.40377,36.51836,1
6.56468,36.54121,1
5.30182,36.00044,1
7.65409,36.76455,1
7.65267,36.76869,1
4.60435,36.50522,1
6.84932,36.65797,1
7.77293,34.50336,1
3.4316,36.72603,1
3.11842,36.52719,1
4.01983,36.70343,1
3.35186,36.48188,1
3.42758,36.72501,1
3.42547,36.73012,1
6.40396,36.51588,1
6.4018,36.5197,1
4.52562,36.57353,1
4.52569,36.57403,1
3.32826,36.75784,1
7.78111,36.96532,1
7.78125,36.96336,1
-0.2137,35.80345,1
7.2189,36.32354,1
5.76744,35.34651,1
7.18935,36.39767,1
7.90568,36.80803,1
7.90357,36.81322,1
7.66688,36.75629,1
1.22391,36.08789,1
5.72329,36.51365,1
6.70554,36.55822,1
4.46349,36.87881,1
4.46438,36.8789,1
2.90838,36.56358,1
1.19778,36.40807,1
2.91071,36.56339,1
7.66877,36.76014,1
7.6691,36.75417,1
7.66486,36.75684,1
7.67028,36.75709,1
5.36558,36.51237,1
5.40074,36.50409,1
3.00471,36.51352,1
1.84519,36.17798,1
3.79406,36.78734,1
6.62575,36.39282,1
2.35116,36.25371,1
2.41047,36.58146,1
5.84275,34.65003,1
5.2765,34.74805,1
4.27503,35.51634,1
4.27084,35.5157,1
-0.26485,35.80545,1
-0.27042,35.80635,1
2.0531,34.4383,1
-0.33331,35.82641,1
3.10381,36.70793,1
3.10795,36.70684,1
5.47675,36.33442,1
8.04692,36.80785,1
4.55082,36.43293,1
3.24137,36.64048,1
6.35955,36.06653,1
6.58333,35.98342,1
6.5869,35.98251,1
3.31824,36.65678,1
3.13897,36.55046,1
3.1357,36.5496,1
0.43655,35.95849,1
3.32925,36.75786,1
6.29338,36.62877,1
6.07411,36.49375,1
-0.36375,35.82535,1
-0.35773,35.82357,1
-0.21671,35.80222,1
-0.35491,35.82951,1
-0.3574,35.82631,1
6.5094,36.29196,1
6.51365,36.29264,1
6.51445,36.28936,1
5.8456,34.66891,1
2.84898,36.60463,1
7.26021,34.5661,1
5.47471,36.24282,1
5.58877,36.37114,1
6.77061,36.72536,1
-0.27795,35.82053,1
-0.27103,35.82032,1
4.114,36.53656,1
3.741,36.17797,1
3.32476,33.06975,1
0.74145,36.32162,1
2.46991,36.46804,1
-1.75563,34.85968,1
-1.75779,34.86004,1
5.20248,36.53592,1
5.20666,36.53133,1
3.30594,36.40107,1
6.33379,36.62185,1
7.29087,36.29833,1
5.25191,36.56464,1
5.20456,36.53535,1
7.69173,36.77441,1
7.2851,36.61617,1
6.5981,36.49673,1
7.063,36.35697,1
7.06394,36.36164,1
3.91264,36.89076,1
3.32961,36.75654,1
3.39106,36.67986,1
0.13184,35.32331,1
6.22853,36.65769,1
6.22874,36.66197,1
6.23206,36.6594,1
6.22644,36.66065,1
6.25379,36.7328,1
6.33953,36.6259,1
6.34009,36.62943,1
6.34419,36.62729,1
6.25955,36.74904,1
6.82859,36.77584,1
2.0874,36.52442,1
2.0916,36.53292,1
3.99342,36.70103,1
3.99288,36.70546,1
2.09369,36.52507,1
2.09268,36.529,1
4.30614,36.80217,1
0.68129,35.9967,1
0.67907,35.9952,1
2.67953,36.27938,1
5.41189,34.7898,1
2.65752,33.87506,1
-1.11943,35.37064,1
7.30785,34.6264,1
-1.12391,35.36986,1
-0.61726,35.65807,1
1.28674,36.44139,1
-0.94247,35.56726,1
-0.18774,35.7993,1
0.78925,35.9303,1
0.78625,35.92809,1
0.78581,35.92366,1
5.27621,36.02362,1
6.38089,36.1677,1
3.31218,36.73524,1
4.87421,36.50245,1
6.98621,36.39814,1
3.65472,36.79034,1
4.38722,36.82338,1
2.37729,36.4636,1
7.61973,36.20824,1
8.16905,35.23184,1
-0.27355,35.80532,1
-0.26796,35.8051,1
-0.27609,35.80564,1
-0.27051,35.80539,1
-0.26494,35.80514,1
6.51075,36.44785,1
3.01744,35.37228,1
4.63866,36.42899,1
3.75208,36.17749,1
6.95197,36.86282,1
1.23255,36.12906,1
3.32621,33.06982,1
2.76295,36.60482,1
2.76219,36.60608,1
2.76867,36.60452,1
6.11982,36.64837,1
6.00253,36.48969,1
-0.58122,35.20459,1
0.94597,36.00312,1
0.94632,36.00463,1
5.70647,34.98576,1
5.75071,35.35371,1
5.75481,35.35257,1
3.18695,36.61208,1
0.32743,34.79827,1
3.2548,36.54366,1
3.25609,36.54169,1
4.14222,36.53823,1
7.06175,36.54584,1
3.81292,36.852,1
5.37575,36.21682,1
-0.2553,35.74725,1
3.34797,35.33221,1
5.63488,35.14953,1
7.28453,36.25943,1
3.31635,36.67196,1
5.99825,33.94446,1
4.22352,35.53737,1
2.29195,36.21386,1
8.11491,35.9446,1
6.39128,36.10106,1
2.78608,36.28369,1
2.7854,36.28754,1
2.7913,36.28705,1
1.23706,36.13445,1
-1.5287,34.83904,1
2.82342,36.10549,1
0.4569,35.7998,1
0.4553,35.80058,1
2.29311,36.21474,1
-0.28701,35.81813,1
-0.31235,35.83298,1
-0.28753,35.81376,1
-0.27967,35.82083,1
4.44194,35.88263,1
2.92379,36.1385,1
8.11375,35.94197,1
3.11805,36.6839,1
3.07719,36.7528,1
2.05159,34.43614,1
3.12575,36.68346,1
3.11955,36.67937,1
0.32741,34.80242,1
-0.28115,35.52826,1
7.05737,36.35963,1
7.06178,36.36056,1
6.60039,36.57254,1
7.30186,36.76529,1
7.68706,36.79514,1
6.8023,36.0906,1
8.11283,35.94136,1
0.33051,34.79848,1
3.94985,36.27663,1
4.67255,36.58525,1
3.69299,36.84567,1
7.70545,36.78685,1
7.70096,36.78764,1
7.70814,36.79689,1
4.86977,36.65783,1
7.71361,36.74543,1
2.63463,36.56557,1
6.38213,36.70564,1
6.38724,36.70623,1
3.11862,36.68106,1
-0.28074,35.53051,1
6.68883,36.26625,1
6.55612,36.23168,1
5.39706,35.36066,1
7.36317,36.843,1
6.73872,36.7954,1
7.3326,36.64104,1
1.23536,36.13347,1
2.0535,34.43884,1
0.32677,34.79837,1
-0.2139,35.8032,1
5.31374,34.68715,1
7.13165,36.37347,1
7.12783,36.37542,1
7.13439,36.37279,1
4.19073,36.87349,1
4.10819,36.73301,1
3.62239,36.43053,1
7.36858,36.84357,1
5.92265,36.4618,1
8.03588,36.82954,1
6.86394,36.39502,1
7.25332,36.47762,1
8.04005,36.82744,1
8.16425,35.23309,1
8.1668,35.23415,1
3.05886,36.54212,1
5.10958,34.38743,1
5.10646,34.39238,1
5.103,34.39179,1
-0.21492,35.80402,1
6.04853,36.58998,1
4.26804,36.65612,1
3.71926,36.56272,1
4.26483,36.65737,1
1.09933,36.3768,1
2.46838,36.44557,1
4.74381,36.55496,1
-0.67229,35.52451,1
7.30669,34.62629,1
3.73184,36.56766,1
6.96265,36.88063,1
3.35141,36.48464,1
4.26372,36.65855,1
3.27164,36.56494,1
4.54946,36.72961,1
4.54365,36.73257,1
4.54905,36.73322,1
4.54864,36.73684,1
2.86404,36.60152,1
4.42101,36.84008,1
4.40436,36.85266,1
4.22871,36.8701,1
4.12678,36.87574,1
6.30645,36.33175,1
6.30459,36.3324,1
5.64815,36.40777,1
5.64754,36.41153,1
5.45807,36.56223,1
5.45626,36.56334,1
5.45603,36.56712,1
6.00157,36.72394,1
0.45696,35.98647,1
5.99988,36.72178,1
5.66926,36.69293,1
5.95729,36.71687,1
5.96298,36.71965,1
5.95798,36.72031,1
7.6981,36.69003,1
5.26779,36.33783,1
5.26954,36.33748,1
4.14801,36.48429,1
7.30941,34.62613,1
7.68446,36.28825,1
7.68134,36.28873,1
7.68062,36.2921,1
6.40602,36.49457,1
1.23523,36.13346,1
-0.18728,35.79891,1
2.83915,36.7106,1
-0.26653,35.76165,1
5.54056,36.51737,1
5.54193,36.51376,1
5.53833,36.51534,1
4.42894,36.8573,1
-0.61363,35.64022,1
5.07194,36.74385,1
5.07765,36.74498,1
6.12773,36.64264,1
6.15922,36.20448,1
6.81904,36.43855,1
6.81718,36.44555,1
6.8209,36.44991,1
6.81975,36.45337,1
6.82336,36.4577,1
6.81856,36.45682,1
6.6382,36.46418,1
6.12685,36.59268,1
4.47131,35.71286,1
3.32726,33.06485,1
6.47771,36.58746,1
5.70618,34.98003,1
3.29042,36.67369,1
3.33004,33.06416,1
5.27385,34.74431,1
5.89681,34.7103,1
5.63137,35.54717,1
-0.26747,35.76385,1
5.88787,34.13334,1
5.89212,34.13379,1
7.31033,34.6273,1
3.32256,36.73904,1
3.32534,36.73701,1
1.2366,36.13384,1
-0.27042,35.76939,1
7.76803,36.78858,1
7.76722,36.79186,1
1.3122,36.1747,1
1.31365,36.17643,1
0.54261,35.85891,1
3.719,36.53074,1
2.87323,36.59593,1
1.23567,36.1346,1
-0.28196,35.81284,1
5.63869,35.09492,1
-0.21404,35.80367,1
6.25185,36.06062,1
-2.18114,35.0568,1
4.27966,36.76757,1
6.28938,36.54766,1
6.89413,36.2284,1
5.60991,36.38571,1
6.74564,36.37672,1
3.07912,36.75291,1
7.30813,34.62742,1
7.67959,36.79451,1
3.30893,33.12452,1
5.71109,34.98578,1
6.79935,36.09044,1
7.67949,36.79435,1
8.16812,35.23426,1
2.71812,36.44915,1
3.31326,36.40651,1
7.30652,34.62601,1
0.24687,34.37079,1
4.26159,36.79288,1
3.76696,36.77169,1
4.28888,36.86165,1
3.94969,36.8701,1
2.17987,36.45067,1
4.19651,36.63824,1
2.92544,36.65136,1
4.18131,36.84103,1
-0.03793,34.71395,1
8.27148,36.19236,1
-0.91637,34.6677,1
3.3053,35.56536,1
5.27527,36.35966,1
8.1244,36.78338,1
8.11973,36.78278,1
7.14953,36.74365,1
4.00274,36.44606,1
3.99821,36.44531,1
-0.33245,35.82771,1
-0.88762,35.01722,1
6.69089,36.40405,1
8.04904,36.35146,1
7.23878,34.57116,1
7.43427,36.86927,1
6.95851,36.86741,1
6.93694,36.88264,1
6.95246,36.88227,1
7.29949,36.76531,1
7.30148,36.76319,1
6.95238,36.88267,1
-0.28085,35.52923,1
3.16111,36.70736,1
3.15406,36.70856,1
-0.28101,35.52789,1
7.23814,34.5701,1
2.53835,36.37604,1
3.96516,36.47682,1
-0.41135,35.73513,1
6.75096,36.34829,1
3.82416,36.81805,1
7.3079,34.62696,1
7.23917,34.56979,1
1.9423,36.54192,1
3.32763,36.75805,1
7.6688,36.60707,1
7.24298,34.56821,1
6.18036,35.74052,1
2.25152,35.38388,1
5.35429,36.48418,1
7.30835,34.62778,1
7.23839,34.56927,1
3.22103,33.01918,1
3.2241,33.01942,1
-0.28125,35.52784,1
5.98204,36.81536,1
8.27397,36.19516,1
-0.26293,35.80445,1
-0.27126,35.80463,1
-0.19049,35.79929,1
-0.27445,35.80783,1
7.23981,34.57056,1
7.30866,34.62649,1
2.65808,33.87545,1
7.67972,36.79304,1
7.67984,36.79305,1
6.93637,36.88166,1
3.32905,36.75671,1
6.24791,36.74405,1
7.23976,34.57006,1
-0.25678,35.77304,1
-0.25604,35.74915,1
-0.26823,35.76116,1
-0.26748,35.76445,1
6.94679,36.87318,1
7.30624,34.62689,1
-0.22509,35.80391,1
-0.33351,35.82713,1
5.71088,34.98648,1
5.75439,35.3531,1
-0.28115,35.52833,1
3.67587,36.78822,1
7.2394,34.5698,1
3.42786,36.7218,1
-1.28317,34.89923,1
7.07281,35.09488,1
7.07537,35.09549,1
7.24219,34.56868,1
5.40285,34.78924,1
7.24132,34.57076,1
7.30791,34.62531,1
-0.39919,35.46461,1
4.47315,36.85198,1
3.76433,36.87917,1
7.43451,36.88206,1
-0.2738,35.76916,1
-0.94354,35.56828,1
7.2389,34.57153,1
-0.26555,35.76459,1
3.22632,36.63043,1
-0.1714,35.62187,1
7.80171,36.74402,1
-0.17205,35.62441,1
5.86605,36.0581,1
6.80358,36.09023,1
5.40151,34.786,1
6.24514,36.75007,1
6.93328,36.88264,1
6.96935,36.868,1
6.93831,36.88233,1
5.75537,35.34946,1
5.75424,35.35125,1
4.83318,36.53165,1
3.00799,36.67964,1
7.24073,34.57146,1
5.65949,36.76751,1
1.19876,36.43317,1
2.25752,35.41907,1
3.73546,36.79247,1
6.32489,36.97708,1
7.23898,34.57238,1
7.30852,34.6271,1
-0.34992,35.80654,1
-0.34946,35.81217,1
5.6335,36.19509,1
-0.26968,35.80933,1
5.11226,34.39034,1
7.24229,34.57138,1
5.10824,34.39061,1
2.05352,34.43908,1
3.32542,33.06778,1
3.32684,33.06834,1
5.11111,34.38634,1
5.10936,34.39155,1
7.76032,36.58329,1
-0.3371,35.8069,1
6.79894,36.09052,1
7.2356,34.57253,1
3.32844,36.76022,1
-1.6341,34.91937,1
-1.42253,35.06976,1
5.11035,34.38988,1
7.24064,34.57329,1
5.29487,36.56293,1
-0.76398,35.6147,1
-0.66539,35.08002,1
3.24588,36.53235,1
3.24149,36.53313,1
5.11215,35.61843,1
7.24247,34.56878,1
7.23951,34.5688,1
-0.70665,35.72169,1
5.27803,34.55205,1
7.92443,36.20658,1
8.07321,36.3433,1
5.23619,36.45213,1
5.89139,36.62701,1
7.73205,36.79962,1
7.698,36.7951,1
6.25342,36.75201,1
6.25193,36.72839,1
-0.25665,35.74756,1
7.24345,34.57153,1
-0.67149,35.60822,1
6.47488,35.06932,1
-1.70178,34.77147,1
4.15916,36.86851,1
7.24045,34.57104,1
4.07678,36.31859,1
5.65824,36.77223,1
3.35041,33.17414,1
7.17641,36.5248,1
7.24055,34.57033,1
-0.26825,35.80648,1
-0.27513,35.8067,1
-0.2677,35.80412,1
4.47393,36.83904,1
7.23951,34.57095,1
-0.26597,35.76377,1
-0.45678,35.59367,1
7.24118,34.57389,1
7.23934,34.56981,1
-1.10403,35.51065,1
6.50219,36.05836,1
7.24035,34.5722,1
7.23915,34.57255,1
7.24298,34.57126,1
4.64021,36.55327,1
1.29422,33.18084,1
2.24573,36.13622,1
7.24026,34.57181,1
5.31551,35.92575,1
3.39668,36.51046,1
2.39827,36.52633,1
6.48981,36.93413,1
-0.67054,35.07753,1
7.24032,34.57082,1
5.47809,36.33258,1
5.48106,36.33813,1
0.92268,35.97082,1
0.92181,35.96948,1
0.92927,35.96969,1
5.68463,34.84998,1
5.24387,34.71735,1
7.24153,34.56874,1
7.24306,34.57001,1
8.05401,34.72176,1
6.87816,35.26293,1
-0.67391,35.61456,1
7.24097,34.56996,1
7.30908,34.62714,1
2.36863,36.46138,1
2.92433,36.14055,1
7.30691,34.62653,1
7.24293,34.5713,1
-0.26475,35.76419,1
6.8788,35.25967,1
-1.261,34.89928,1
7.23847,34.56985,1
7.23966,34.57045,1
7.30995,34.62704,1
6.94312,36.88197,1
7.3045,34.62503,1
7.24028,34.57044,1
4.44153,35.88351,1
6.93383,36.88163,1
8.16793,35.23241,1
5.7552,35.3475,1
7.23981,34.57264,1
5.29864,36.09907,1
-1.53958,34.81846,1
7.24237,34.56846,1
7.24027,34.56991,1
7.31006,34.62602,1
7.24248,34.57036,1
3.82275,36.81922,1
7.72311,36.83778,1
5.28256,35.56186,1
4.13223,36.32972,1
4.29476,36.89443,1
6.62585,36.2546,1
-0.1913,35.79819,1
7.23861,34.57238,1
4.15433,36.8827,1
4.4404,35.88152,1
3.30817,33.13141,1
7.23795,34.57002,1
5.76624,35.34636,1
6.96501,35.01436,1
7.24098,34.56884,1
-0.28061,35.52861,1
5.60834,35.14091,1
6.01531,34.70969,1
6.01424,34.71278,1
3.93323,36.89944,1
5.07012,35.9787,1
7.24128,34.56981,1
2.27839,35.38907,1
-1.63333,34.91848,1
-0.45284,35.51456,1
-1.22162,35.45744,1
7.30833,34.62563,1
7.23992,34.57104,1
0.14114,35.90878,1
0.13427,35.91096,1
0.13989,35.90847,1
6.0306,35.83302,1
3.02692,35.36403,1
-0.94443,34.72264,1
-0.3339,35.82276,1
7.24055,34.57069,1
5.33137,34.74171,1
3.74853,36.18369,1
6.19864,35.59462,1
6.19768,35.59826,1
6.2013,35.59812,1
3.38478,35.78752,1
-1.76883,34.57698,1
7.23795,34.57121,1
7.23919,34.57041,1
1.40453,36.49915,1
5.7063,34.98104,1
7.23871,34.57427,1
7.24025,34.57127,1
-0.26775,35.76321,1
7.241,34.57212,1
7.23898,34.57096,1
-1.37646,35.27993,1
7.24161,34.57048,1
-0.33115,35.82343,1
7.24015,34.57116,1
-0.18922,35.79737,1
0.09525,35.09232,1
4.43809,35.87929,1
4.43965,35.88388,1
5.75417,35.35409,1
7.2394,34.57162,1
7.24247,34.57192,1
3.24347,36.73565,1
3.24073,36.74161,1
3.24131,36.73895,1
-0.26833,35.76367,1
-1.65551,35.05954,1
5.71959,34.98278,1
3.27076,33.22987,1
4.32013,34.62733,1
3.24095,36.73763,1
7.309,34.62725,1
7.23947,34.57065,1
0.25595,35.94529,1
0.25799,35.94687,1
5.47724,36.33712,1
8.16825,35.23127,1
3.30798,33.13456,1
3.30773,33.12764,1
-1.37439,34.86016,1
10.09115,36.93407,1
10.02415,36.50442,1
9.81787,34.87574,1
10.55455,36.57825,1
10.02436,36.50443,1
9.19883,36.8231,1
9.19824,36.82539,1
11.00767,35.4933,1
10.58053,34.60166,1
8.54254,33.36883,1
10.58413,34.59663,1
10.5835,34.59719,1
10.58401,34.59746,1
8.54642,33.36292,1
8.82662,34.35762,1
10.82272,36.53297,1
9.48251,35.00132,1
8.52834,34.93818,1
9.23435,33.30436,1
9.29023,37.22049,1
9.24831,36.56327,1
9.24625,36.56491,1
9.2884,37.22101,1
11.10426,35.20501,1
10.12022,35.74905,1
10.11925,35.75256,1
10.58498,34.59792,1
10.5856,34.60306,1
10.58655,34.60085,1
10.58132,34.59817,1
10.58193,34.60331,1
10.58287,34.60112,1
8.54584,33.3631,1
9.5755,35.03011,1
10.66702,36.84027,1
10.66909,36.84166,1
8.79519,33.80413,1
10.1047,36.72918,1
10.02298,36.50511,1
10.02342,36.50377,1
8.43705,36.4502,1
10.02218,36.50473,1
8.5427,33.3684,1
10.16806,36.35553,1
10.08213,33.92856,1
10.35818,36.41395,1
8.95712,33.46772,1
8.95918,33.46472,1
8.82703,33.79453,1
10.83768,34.79867,1
10.02766,36.49913,1
9.12508,34.76403,1
10.54106,36.3973,1
9.94908,35.52576,1
8.50489,36.59296,1
10.88118,35.6254,1
8.35228,35.47215,1
8.35371,35.47686,1
9.07357,34.89237,1
9.07198,34.89212,1
10.40184,34.96999,1
10.95177,36.93441,1
9.05354,33.48108,1
10.19994,36.78063,1
10.16444,35.71565,1
10.4037,36.09442,1
9.8053,37.1596,1
9.84992,34.8145,1
10.06839,33.91635,1
10.0684,33.91619,1
11.00849,35.49346,1
10.58804,34.60437,1
11.01088,35.49272,1
10.79811,36.5225,1
10.02881,36.50261,1
10.02912,36.50189,1
8.77615,34.64204,1
8.77387,34.64432,1
9.35777,37.12459,1
11.07044,36.86732,1
11.10867,33.48014,1
8.71866,34.62055,1
10.12316,34.79472,1
9.81757,37.13602,1
10.22215,36.77864,1
10.67519,34.74155,1
8.9478,33.67383,1
10.91046,36.75103,1
11.10787,33.48177,1
11.10756,33.47932,1
9.81766,36.75975,1
9.81821,37.1363,1
8.79236,34.62321,1
11.10928,33.48264,1
10.66433,34.84908,1
10.46627,33.21414,1
10.09572,35.48545,1
10.19414,36.72446,1
11.10846,33.47989,1
11.10927,33.48083,1
10.60466,34.81142,1
9.92289,35.70247,1
9.96181,35.63013,1
9.9891,33.87326,1
10.10521,36.73087,1
11.10878,33.48401,1
10.10516,36.72722,1
10.02982,36.5023,1
10.90165,35.36091,1
10.8088,34.86583,1
10.19478,36.72689,1
10.63405,34.73972,1
11.10678,33.4794,1
11.10697,33.48241,1
11.10825,33.4791,1
8.79506,34.37861,1
8.7994,34.37893,1
11.10962,33.48098,1
10.5886,34.60355,1
8.89975,33.55193,1
9.85015,34.80942,1
9.84699,34.80861,1
9.98907,33.87284,1
10.68563,35.32135,1
11.10786,33.47848,1
10.34037,36.71923,1
10.71102,34.81592,1
10.70977,34.81744,1
11.1091,33.48103,1
11.10812,33.48245,1
8.54582,33.36327,1
9.78395,36.65502,1
8.18014,33.94416,1
8.17268,33.92859,1
8.17535,33.92738,1
9.92421,36.87982,1
10.58861,34.6044,1
10.02907,36.5026,1
10.08435,33.88535,1
10.88981,35.23779,1
10.88776,35.23693,1
8.94737,33.67273,1
9.89257,35.77768,1
10.54908,35.3537,1
11.1083,33.48096,1
10.0811,33.92797,1
10.0802,33.9277,1
10.98374,35.60816,1
10.98667,35.60607,1
10.98771,35.6078,1
10.82495,36.53227,1
10.82531,36.53284,1
10.74825,35.14178,1
10.8223,36.53502,1
11.10793,33.47933,1
11.10785,33.48055,1
11.11035,33.4825,1
10.82329,36.53064,1
10.63282,34.73602,1
10.02519,36.49985,1
11.1081,33.48307,1
10.19631,36.72324,1
11.10795,33.48008,1
11.1078,33.48001,1
10.63803,34.73639,1
8.16309,34.36691,1
11.11005,33.48151,1
10.52902,35.31995,1
10.53066,35.32265,1
11.10656,33.48101,1
11.10952,33.48047,1
8.53137,34.9374,1
10.58565,34.6046,1
8.83003,34.39149,1
8.53209,34.93867,1
9.24162,37.13794,1
9.24111,37.13594,1
8.52843,34.93783,1
8.52982,34.93998,1
10.08698,35.65684,1
8.33473,35.73442,1
8.53145,34.93996,1
8.52841,34.93875,1
10.65652,36.51675,1
8.52987,34.93747,1
10.98535,33.75587,1
10.98962,33.75647,1
10.21503,36.88947,1
10.15632,35.63615,1
10.15201,35.63555,1
10.02911,36.50371,1
9.77634,37.27153,1
8.7263,34.43158,1
8.52982,34.93665,1
8.94854,33.67308,1
10.88242,35.62698,1
8.73431,34.29326,1
8.73771,34.29426,1
10.88345,35.6285,1
10.58584,34.60244,1
10.30264,35.51598,1
10.3026,35.51255,1
10.63377,34.7396,1
10.63587,34.73967,1
10.58774,34.5992,1
8.79835,34.37938,1
8.79681,34.37935,1
8.79245,34.3806,1
8.35752,34.29573,1
10.58864,34.59808,1
10.5856,34.59834,1
9.8424,37.2882,1
10.84801,36.87814,1
8.35179,34.29459,1
10.47524,36.70105,1
10.07667,37.13901,1
10.26215,36.09164,1
10.57233,35.30184,1
8.36038,36.45784,1
8.35613,36.45719,1
10.31345,35.22779,1
8.43121,34.30912,1
11.10386,35.20504,1
11.10559,35.20439,1
9.87634,36.82194,1
9.87533,36.82375,1
9.87427,36.82748,1
9.021,33.44297,1
9.08194,36.22705,1
10.51692,36.68749,1
10.24698,35.60251,1
9.21375,36.90183,1
10.51789,36.68467,1
10.71589,34.70324,1
9.02974,36.662,1
9.02899,36.66283,1
10.63516,34.68793,1
10.5919,35.66973,1
10.66946,34.86531,1
10.68957,35.46263,1
8.70234,36.77851,1
10.01849,36.83172,1
10.58564,34.6036,1
9.92224,36.79758,1
8.42998,34.31082,1
8.42881,34.30962,1
9.92272,36.20121,1
10.63616,34.73964,1
9.97134,36.2038,1
9.97226,36.20919,1
10.01288,34.14001,1
10.10268,36.74582,1
10.32025,36.59219,1
8.5093,35.26663,1
8.51089,35.27094,1
10.53045,36.59892,1
8.18483,33.93129,1
10.32046,36.59227,1
9.99767,36.66523,1
9.78864,37.1254,1
9.788,37.12973,1
8.76781,36.94928,1
9.99651,36.66453,1
9.82563,36.81855,1
10.12217,36.74592,1
9.73451,36.60429,1
9.21434,35.55614,1
10.61899,36.71556,1
10.74759,35.137,1
10.61835,36.71911,1
9.26165,35.88458,1
10.06741,36.85058,1
10.06866,36.85104,1
9.18438,35.89136,1
9.18866,35.89251,1
9.19201,35.88852,1
9.18768,35.88737,1
9.18611,35.88586,1
10.01507,35.4649,1
9.40939,36.68744,1
10.01533,35.46555,1
9.41454,36.68766,1
9.40656,36.6891,1
9.4118,36.6893,1
10.32044,36.59059,1
10.38784,34.96442,1
8.5309,34.93727,1
8.85957,36.54129,1
9.15186,36.96771,1
9.50903,36.71683,1
10.62508,36.71223,1
9.57974,36.66186,1
9.58518,36.6602,1
9.58444,36.6621,1
9.58251,36.65754,1
8.60135,36.56357,1
9.57862,36.66063,1
9.58321,36.65981,1
10.80179,34.86882,1
10.80694,34.86783,1
10.07511,36.93084,1
10.67415,36.52921,1
10.76539,34.85337,1
10.03553,33.91871,1
10.14814,35.77956,1
10.10237,36.73244,1
10.20946,36.8743,1
10.2071,36.8781,1
10.9925,35.50054,1
8.96059,36.64592,1
10.1477,34.34736,1
10.37461,34.71498,1
9.27239,36.9834,1
9.02388,35.21593,1
10.92684,36.91074,1
10.92389,36.91241,1
8.83392,36.53128,1
8.94776,36.54683,1
10.7192,34.70423,1
8.94556,36.5444,1
8.95015,36.54484,1
9.39716,37.16029,1
9.11771,37.01669,1
10.64058,34.68747,1
9.96899,33.88173,1
10.59135,35.66639,1
9.7905,33.92413,1
9.6222,36.02024,1
10.2231,36.01048,1
9.79252,33.92371,1
9.7336,36.76424,1
11.01364,35.33965,1
10.63759,34.74184,1
10.63625,34.73766,1
9.79203,33.92417,1
8.52961,34.93729,1
10.24256,35.8917,1
10.7895,36.56393,1
10.55051,35.90376,1
10.11906,34.9653,1
10.03517,33.91829,1
10.11837,34.96184,1
10.74413,34.9615,1
9.01238,36.91912,1
9.01844,36.91325,1
9.53621,37.27555,1
9.06005,37.01905,1
9.01321,36.91583,1
9.67465,37.32346,1
8.37501,36.36607,1
10.75238,34.85549,1
10.7453,36.53563,1
9.68314,37.31699,1
9.6766,37.31543,1
9.68154,37.31606,1
9.67512,37.31448,1
9.67329,37.31914,1
9.23189,36.45582,1
10.04223,35.9571,1
9.0692,35.41398,1
8.5312,34.93937,1
9.22498,37.01746,1
9.21865,37.0168,1
9.21821,37.02068,1
10.64236,34.68694,1
10.63512,34.73907,1
10.2024,36.67238,1
10.10582,36.73095,1
9.78653,37.26809,1
9.79247,37.2749,1
11.07429,36.86746,1
8.84923,36.60418,1
9.68649,35.60653,1
8.99236,35.90998,1
8.9906,35.91457,1
8.99133,35.91099,1
8.98957,35.91558,1
10.25039,36.72771,1
10.1064,36.72796,1
10.11149,36.72909,1
10.69036,34.88039,1
10.73262,34.71007,1
10.10918,36.72882,1
8.35794,36.43162,1
10.03592,33.9169,1
10.80736,36.55782,1
9.92876,36.96659,1
9.87508,37.05024,1
9.2432,37.02912,1
9.41621,36.94659,1
9.4308,35.84823,1
9.41606,36.94249,1
10.23316,36.65407,1
10.23274,36.65535,1
10.53442,36.61742,1
9.13505,36.60856,1
10.02522,36.49988,1
10.13852,36.85404,1
10.54503,35.3552,1
10.5474,35.35406,1
8.53113,34.93739,1
9.79103,36.96426,1
9.77778,37.0789,1
9.74561,36.7436,1
8.52975,34.93717,1
10.06679,36.72797,1
9.24381,37.02277,1
9.76091,37.09909,1
9.76412,37.09822,1
9.75805,37.10129,1
9.52136,37.26415,1
9.41391,37.14922,1
10.59472,36.63865,1
9.41471,37.14594,1
10.82199,36.53294,1
10.61943,36.61729,1
10.76291,34.92299,1
10.76154,34.92289,1
9.92444,34.88485,1
9.92861,34.88524,1
8.73838,36.70109,1
8.74298,36.70205,1
8.74196,36.70601,1
9.59132,36.70177,1
9.58631,36.69963,1
9.5915,36.69939,1
9.58614,36.70198,1
9.98905,33.87271,1
8.53068,34.93847,1
10.74168,36.60057,1
10.69054,34.80993,1
10.64288,34.68779,1
10.87269,35.66233,1
8.95615,36.49926,1
10.43367,36.66918,1
10.10515,36.73108,1
9.28056,34.54883,1
9.07316,36.7169,1
9.3362,36.89493,1
9.34175,36.89621,1
9.74524,34.91922,1
10.98627,35.61595,1
9.45479,36.91254,1
8.53063,34.93699,1
10.0278,36.49959,1
9.23099,36.85633,1
8.53028,34.93805,1
9.31549,36.7876,1
9.58137,36.99002,1
9.31474,36.79098,1
9.25234,36.70218,1
9.57677,35.40035,1
9.84108,36.54309,1
9.23562,36.35099,1
9.29577,36.85648,1
9.20642,36.86367,1
9.47517,36.86462,1
9.29728,36.85241,1
8.54356,36.4444,1
9.62551,36.1525,1
9.31525,36.82288,1
9.31975,36.82404,1
8.30534,36.51955,1
9.83002,36.82824,1
8.54147,34.90395,1
9.82414,36.82575,1
8.86223,36.29562,1
8.91139,36.59696,1
9.82097,36.82645,1
9.81874,36.82515,1
9.29466,37.03559,1
9.16823,36.4774,1
9.81253,36.82881,1
9.72397,36.77422,1
10.07435,37.22686,1
9.52432,37.03602,1
9.32052,35.06682,1
9.32056,35.06721,1
9.14403,36.51651,1
8.84121,34.53036,1
9.81047,36.82623,1
9.30811,36.75418,1
10.01081,36.75166,1
10.00556,36.75191,1
10.00603,36.75016,1
10.00825,36.75171,1
9.24312,34.8853,1
9.11353,36.64373,1
8.9882,36.72415,1
9.45318,37.04248,1
8.6083,36.76159,1
9.18592,36.66299,1
8.61368,36.76178,1
8.91875,36.77628,1
9.26781,36.67728,1
9.60025,37.0384,1
9.60417,37.03865,1
9.23602,36.83374,1
8.61479,36.75546,1
8.62059,36.75587,1
10.42055,36.69801,1
9.60396,37.04381,1
9.33684,36.905,1
9.33752,36.90113,1
9.78387,36.81593,1
10.05993,36.8096,1
9.3645,36.82035,1
9.29938,36.86958,1
9.14877,36.47855,1
9.33819,36.89725,1
8.70229,36.77953,1
10.64369,34.68673,1
9.57298,35.63797,1
9.21591,36.74476,1
9.58312,36.97845,1
8.82283,36.61486,1
8.82632,36.61878,1
8.82207,36.61814,1
10.07711,36.86549,1
11.02414,35.52398,1
9.29234,36.85799,1
9.18449,36.81498,1
8.95565,36.49796,1
9.80857,36.81678,1
9.14607,36.47535,1
9.14635,36.47802,1
9.80385,36.81549,1
9.21536,36.79542,1
9.61224,37.04377,1
9.60739,37.04352,1
8.6114,36.76585,1
8.61503,36.76607,1
9.80763,36.82073,1
10.12032,35.75025,1
10.58535,34.60074,1
8.8595,34.48308,1
8.76679,36.60927,1
9.42078,37.04874,1
9.30057,36.77697,1
9.80491,36.81977,1
9.13535,36.88339,1
9.50844,37.22924,1
9.50921,37.23254,1
9.5048,37.23319,1
9.51282,37.22858,1
9.50404,37.22989,1
9.13464,36.88007,1
9.13025,36.88071,1
8.77515,36.62554,1
10.64164,34.68683,1
10.03499,33.91882,1
9.55576,37.258,1
9.55974,37.26202,1
9.559,37.26545,1
9.5699,37.25981,1
9.56047,37.2586,1
9.56519,37.2592,1
10.68442,35.32538,1
10.78194,34.75991,1
10.10445,36.73294,1
10.1048,36.72919,1
9.71328,37.08694,1
9.30739,36.76889,1
9.15724,36.92332,1
9.24663,36.77758,1
9.15792,36.91739,1
10.09418,37.05949,1
9.37998,36.79208,1
9.37979,36.78934,1
9.67871,36.93086,1
9.20467,36.84144,1
9.29289,36.7747,1
8.73467,36.57606,1
8.52892,34.93877,1
10.20981,35.55072,1
10.20876,35.55254,1
9.77703,37.07567,1
10.6433,36.64268,1
9.03695,36.7184,1
10.64255,36.64596,1
10.04226,36.74849,1
9.34797,36.74521,1
9.6241,37.21542,1
9.62491,37.21214,1
9.7379,37.00082,1
9.74388,37.00034,1
9.57037,35.63697,1
9.62193,36.91798,1
9.57508,35.63673,1
10.51398,36.62902,1
9.98855,33.87399,1
9.39628,36.9078,1
9.17591,36.93843,1
9.40354,36.89553,1
9.40506,36.89628,1
9.59588,36.88864,1
9.6386,37.07836,1
9.35645,36.9083,1
9.35912,36.90934,1
10.63527,34.69981,1
8.74504,36.2883,1
9.39274,36.90667,1
9.81851,36.82834,1
9.8122,36.82769,1
9.43361,36.91901,1
9.67628,37.05584,1
9.67268,37.05191,1
9.67702,37.05253,1
10.25555,36.93723,1
9.74631,37.08543,1
9.17777,36.91729,1
10.31511,36.59356,1
10.67757,36.61942,1
9.61087,37.27918,1
9.61378,37.27743,1
9.60851,37.2762,1
9.77817,37.05247,1
8.53007,34.939,1
10.33923,33.30647,1
8.76699,36.54377,1
10.07732,35.591,1
9.22566,36.91675,1
10.69962,36.56779,1
10.69739,36.56799,1
9.75446,37.04385,1
9.8149,35.72216,1
9.43227,36.85765,1
9.55647,37.09486,1
10.28042,36.16068,1
8.96956,33.69932,1
8.9711,33.69669,1
9.69364,36.74506,1
9.21868,36.91677,1
9.36973,36.90074,1
9.27901,36.81894,1
8.5566,36.62724,1
10.27989,36.15866,1
9.43052,36.88482,1
9.54004,36.73228,1
9.54013,36.72994,1
9.82006,35.7215,1
9.24235,36.75934,1
9.32325,36.83923,1
9.42871,36.87857,1
9.81974,35.72331,1
9.81392,35.72305,1
9.81789,35.72256,1
10.10734,35.98703,1
9.19183,36.91045,1
9.79432,37.26718,1
9.65381,37.22469,1
9.22069,36.95035,1
9.40425,36.9013,1
9.15297,36.78807,1
9.15142,36.73704,1
8.73068,34.63381,1
8.72625,34.63305,1
8.87385,36.67235,1
8.63011,36.64233,1
8.97866,36.76194,1
9.72323,37.29914,1
10.93608,36.73053,1
9.72336,37.30348,1
9.72445,37.29974,1
9.71877,37.29863,1
9.76066,37.10954,1
9.72213,37.30288,1
9.71635,37.30172,1
9.71758,37.30235,1
9.71632,37.30606,1
9.72187,37.30439,1
9.71599,37.30465,1
9.716,37.30001,1
10.24475,36.77018,1
9.31156,36.49553,1
9.31532,36.32492,1
8.52768,34.93665,1
9.6837,33.53078,1
8.52743,34.93997,1
10.59053,35.11817,1
9.68332,33.52986,1
9.5931,37.01593,1
9.42603,37.00734,1
9.65142,36.97852,1
9.96183,35.63218,1
9.95768,35.63243,1
9.6816,33.52986,1
9.95919,35.63408,1
9.9579,35.63388,1
9.21716,36.96385,1
9.20876,36.82654,1
9.06394,36.81544,1
10.20088,36.61537,1
8.81928,34.54562,1
9.29389,36.76705,1
9.78104,36.80294,1
9.29322,36.77045,1
9.52965,37.06401,1
9.68068,33.53316,1
10.50244,35.28649,1
9.77732,36.80476,1
9.64465,37.24517,1
10.28075,36.16275,1
10.27993,36.15968,1
9.67861,33.52859,1
10.00677,36.44866,1
10.00313,36.44958,1
9.68336,33.53253,1
9.78279,36.80512,1
9.53321,37.22942,1
9.54363,37.24813,1
9.68231,33.532,1
10.63899,34.78045,1
9.37265,36.96191,1
9.37129,36.9661,1
8.96043,36.49059,1
9.68205,33.52946,1
8.52744,34.93807,1
10.30771,36.66489,1
9.55491,37.23936,1
9.63127,36.9293,1
10.11366,36.7391,1
9.68537,33.52882,1
9.68077,33.52943,1
10.58764,34.60218,1
10.50494,36.69617,1
9.11558,36.85121,1
9.10981,36.85462,1
9.11547,36.8529,1
9.11007,36.85292,1
10.58521,34.60719,1
9.75434,35.5605,1
9.75606,35.55662,1
10.68727,34.92207,1
10.45896,36.40821,1
8.72359,34.62988,1
10.72004,34.81295,1
9.86999,36.23269,1
9.06069,35.88437,1
9.87802,37.00009,1
9.78773,36.80732,1
9.786,36.80788,1
9.68202,33.53077,1
9.78877,36.81306,1
9.68034,33.53175,1
9.78949,36.81325,1
9.67909,33.52993,1
9.67977,33.52926,1
10.31598,36.59434,1
9.68194,33.53264,1
9.6851,33.52908,1
9.68233,33.53118,1
10.01064,36.47496,1
9.4353,36.53258,1
9.17015,35.15525,1
9.68359,33.52994,1
9.68501,33.52975,1
8.87493,34.54457,1
9.8056,36.82566,1
10.19779,36.77725,1
9.684,33.53176,1
9.68149,33.53195,1
9.68364,33.53222,1
9.88763,37.22534,1
10.27772,36.15856,1
9.67988,33.53462,1
9.68018,33.53461,1
10.58601,34.60368,1
10.10753,36.72887,1
9.68217,33.52951,1
8.5289,34.93872,1
9.68427,33.53143,1
9.68211,33.53313,1
10.60045,34.77076,1
9.68271,33.53142,1
10.00623,36.8666,1
10.31229,36.58979,1
9.67762,33.53305,1
9.6818,33.53398,1
9.68409,33.5282,1
9.68533,33.53227,1
9.68466,33.53153,1
9.98857,33.87468,1
10.19607,36.72266,1
8.52683,34.93716,1
10.15419,36.67402,1
10.15861,36.67339,1
9.72675,36.34266,1
10.58635,34.60512,1
10.10552,36.7303,1
10.19762,36.77877,1
9.72891,36.34476,1
8.95334,34.31991,1
9.2335,36.90027,1
9.23607,36.90288,1
10.14796,34.34949,1
10.58315,34.60141,1
10.28516,36.89779,1
9.79926,36.81503,1
9.80732,36.82311,1
9.81134,36.82716,1
10.58084,34.6049,1
10.0219,35.42989,1
10.0207,35.42926,1
10.1037,36.72831,1
10.10462,36.73183,1
9.68184,33.53246,1
9.27448,33.45376,1
10.28045,36.16274,1
8.53867,33.36744,1
8.35868,35.69833,1
8.53032,34.9382,1
9.80269,36.46393,1
10.58555,34.59927,1
8.59327,35.85038,1
8.44287,35.23487,1
9.84101,36.80971,1
10.19501,36.72633,1
10.86887,33.8385,1
10.03021,33.96379,1
8.72626,34.43539,1
8.76515,34.64262,1
8.59136,35.85187,1
10.76412,34.85698,1
8.95251,36.54327,1
9.98897,33.87632,1
8.53005,34.93834,1
10.14702,34.34899,1
